{
    "reversi": 2169.5775320000002,
    "django": 4321.171815
}